{"EstimatedDogPopulation":{"India":10200000,"China":54290000,"United States":90000000,"Brazil":55000000,"Russia":17550000,"Japan":20000000,"Turkey":1655000,"Germany":10300000,"United Kingdom":12000000,"France":7500000,"Italy":8700000,"South Korea":5450000,"Spain":9313000,"Argentina":10000000,"Poland":6466732,"Canada":7900000,"Romania":4195000,"Netherlands":1850000,"Belgium":1340000,"Sweden":890000,"Czech Republic":2205000,"Greece":660000,"Portugal":2105000,"Hungary":2800000,"Israel":500000,"Austria":837000,"Switzerland":544000,"Bulgaria":750000,"Denmark":610000,"Slovakia":920000,"Finland":760000,"Norway":490000,"New Zealand":560500,"Ireland":457000,"Lithuania":550000,"Latvia":270000,"Estonia":235000},"dogsPerPerson":{"India":713.9718951389,"China":3808.0305060377,"United States":26470.8558245043,"Brazil":25413.2605081083,"Russia":12150.0071871966,"Japan":16221.3220307703,"Turkey":1928.5403213908,"Germany":12365.742700373,"United Kingdom":17715.6282045911,"France":11581.8339027889,"Italy":14778.133838322,"South Korea":10524.4743367838,"Spain":19598.2173934527,"Argentina":21846.5184208533,"Poland":15762.495586038,"Canada":20370.6472793802,"Romania":21088.0191297238,"Netherlands":10500.4461554433,"Belgium":11466.5749340672,"Sweden":8386.6640357042,"Czech Republic":21009.4142184665,"Greece":6382.1905167031,"Portugal":20541.3850358206,"Hungary":27569.2606288607,"Israel":5449.8763968033,"Austria":9342.6022663345,"Switzerland":6184.1590265588,"Bulgaria":11214.5893733243,"Denmark":10319.8947438408,"Slovakia":15875.2098072905,"Finland":13704.8674820462,"Norway":8950.8179951629,"New Zealand":10720.9119947973,"Ireland":9037.0946037471,"Lithuania":20232.8469602171,"Latvia":14752.397401174,"Estonia":17765.8163014594}}